id;time;origin;title;message;user;level;acknowledged
1;2021-04-12T01:25:36;Pants;green hack systematic;CSS Shores;next-generation vertical Rubber;Directives invoice payment;true
2;2021-04-12T01:34:02;synthesizing;partnerships Virtual Strategist;stable Intelligent;alarm compressing;Fresh payment Health;false
3;2021-04-11T18:01:44;deposit Berkshire;client-server multi-byte Specialist;generate auxiliary Sports;Games;Table wireless mobile;false
4;2021-04-11T17:06:45;bluetooth;Myanmar architectures bandwidth;infrastructures;Cambridgeshire Account Borders;Fantastic Forward;true
5;2021-04-11T14:14:19;Home Barthelemy Card;bottom-line;navigate override;GB Avon;payment;true
6;2021-04-12T00:57:27;regional deposit Incredible;Clothing;Executive models Direct;sticky Configurable;payment;false
7;2021-04-11T18:35:31;Product;Rapid;human-resource Loan Account;Progressive Reactive;Algerian Shirt;true
8;2021-04-12T10:23:16;multimedia driver;Brunei Account Object-based;invoice state interface;programming Lira;azure IB Cotton;true
9;2021-04-12T03:37:25;lime Ocean robust;XML Architect;Account Cotton Movies;Licensed Lights;Rustic;false
10;2021-04-12T05:35:27;Square deposit;interface sticky grey;withdrawal;Mountain dynamic Louisiana;AI Program orange;true
